<?xml version="1.0"?>
<!--<!DOCTYPE metadata SYSTEM "http://www.esri.com/metadata/esriprof80.dtd">-->
<metadata xml:lang="it"><Esri><CreaDate>20120222</CreaDate><CreaTime>14434900</CreaTime><SyncOnce>FALSE</SyncOnce><SyncDate>20151028</SyncDate><SyncTime>20385300</SyncTime><ModDate>20151028</ModDate><ModTime>20385300</ModTime><DataProperties><itemProps><itemName Sync="TRUE">L_tipo</itemName><imsContentType Sync="TRUE">002</imsContentType><itemSize Sync="TRUE">0.000</itemSize><itemLocation><linkage Sync="TRUE">file://\\NOTEBOOK\C$\Nomecomune_S401_Shapefile\MS1\L_tipo.dbf</linkage><protocol Sync="TRUE">Local Area Network</protocol></itemLocation></itemProps><lineage><Process ToolSource="c:\program files (x86)\arcgis\desktop10.0\ArcToolbox\Toolboxes\Data Management Tools.tbx\CopyRows" Date="20120221" Time="145149">CopyRows "E:\02_Protezione Civile\00_Articolo11\001_2011_04_05_SPECIFICHE GIS\Nomecomune_S20beta-OS\MS2\MS2.mdb\L_tipo" "E:\02_Protezione Civile\00_Articolo11\001_2011_04_05_SPECIFICHE GIS\Nomecomune_S20beta-OS\MS1\L_tipo.dbf" #</Process><Process ToolSource="C:\Program Files (x86)\ArcGIS\Desktop10.0\ArcToolbox\Toolboxes\Data Management Tools.tbx\CalculateField" Date="20120222" Time="145420">CalculateField L_tipo Descriz [Descrizion] VB #</Process><Process ToolSource="C:\Program Files (x86)\ArcGIS\Desktop10.0\ArcToolbox\Toolboxes\Data Management Tools.tbx\CalculateField" Date="20120222" Time="145457">CalculateField L_tipo Nome_file [Tipo] VB #</Process><Process ToolSource="c:\program files (x86)\arcgis\desktop10.0\ArcToolbox\Toolboxes\Data Management Tools.tbx\CopyRows" Date="20120222" Time="151538">CopyRows "E:\02_Protezione Civile\00_Articolo11\001_2011_04_05_SPECIFICHE GIS\Nomecomune_S20beta-OS\MS1\L_tipo.dbf" "E:\02_Protezione Civile\00_Articolo11\001_2011_04_05_SPECIFICHE GIS\Nomecomune_S20beta\MS1\MS1.mdb\L_tipo" #</Process></lineage><copyHistory><copy source="E:\02_Protezione Civile\00_Articolo11\001_2011_04_05_SPECIFICHE GIS\Nomecomune_S20beta-OS\MS2\L_tipo" dest="\\ART11-PC\E$\02_Protezione Civile\00_Articolo11\001_2011_04_05_SPECIFICHE GIS\Nomecomune_S20beta-OS\MS1\L_tipo" date="20120222" time="14434900"></copy></copyHistory></DataProperties></Esri><idinfo><native Sync="TRUE">Microsoft Windows Vista Version 6.1 (Build 7600) ; ESRI ArcCatalog 9.3.0.1770</native><descript><langdata Sync="TRUE">it</langdata><abstract>REQUIRED: A brief narrative summary of the data set.</abstract><purpose>REQUIRED: A summary of the intentions with which the data set was developed.</purpose></descript><citation><citeinfo><origin>REQUIRED: The name of an organization or individual that developed the data set.</origin><pubdate>REQUIRED: The date when the data set is published or otherwise made available for release.</pubdate><title Sync="TRUE">L_tipo</title><ftname Sync="TRUE">L_tipo</ftname><geoform Sync="TRUE">tabular digital data</geoform><onlink Sync="TRUE">\\BRUNO-PC\E$\02_Protezione Civile\02_Articolo11\2011_04_05_SPECIFICHE GIS\NomeComune_S15\MS1_nome_del_comune\MS1_nome_del_comune.mdb</onlink></citeinfo></citation><timeperd><current>REQUIRED: The basis on which the time period of content information is determined.</current><timeinfo><sngdate><caldate>REQUIRED: The year (and optionally month, or month and day) for which the data set corresponds to the ground.</caldate></sngdate></timeinfo></timeperd><status><progress>REQUIRED: The state of the data set.</progress><update>REQUIRED: The frequency with which changes and additions are made to the data set after the initial data set is completed.</update></status><spdom><bounding><westbc Sync="TRUE">REQUIRED: Western-most coordinate of the limit of coverage expressed in longitude.</westbc><eastbc Sync="TRUE">REQUIRED: Eastern-most coordinate of the limit of coverage expressed in longitude.</eastbc><northbc Sync="TRUE">REQUIRED: Northern-most coordinate of the limit of coverage expressed in latitude.</northbc><southbc Sync="TRUE">REQUIRED: Southern-most coordinate of the limit of coverage expressed in latitude.</southbc></bounding></spdom><keywords><theme><themekt>REQUIRED: Reference to a formally registered thesaurus or a similar authoritative source of theme keywords.</themekt><themekey>REQUIRED: Common-use word or phrase used to describe the subject of the data set.</themekey></theme></keywords><accconst>REQUIRED: Restrictions and legal prerequisites for accessing the data set.</accconst><useconst>REQUIRED: Restrictions and legal prerequisites for using the data set after access is granted.</useconst><natvform Sync="TRUE">Personal GeoDatabase Table</natvform></idinfo><dataIdInfo><envirDesc Sync="TRUE"> Version 6.2 (Build 9200) ; Esri ArcGIS 10.2.0.3348</envirDesc><dataLang><languageCode Sync="TRUE" value="ita"></languageCode><countryCode value="ITA" Sync="TRUE"></countryCode></dataLang><idCitation><resTitle Sync="TRUE">L_tipo</resTitle><presForm><PresFormCd Sync="TRUE" value="011"></PresFormCd></presForm></idCitation><spatRpType><SpatRepTypCd value="003" Sync="TRUE"></SpatRepTypCd></spatRpType></dataIdInfo><metainfo><langmeta Sync="TRUE">it</langmeta><metstdn Sync="TRUE">FGDC Content Standards for Digital Geospatial Metadata</metstdn><metstdv Sync="TRUE">FGDC-STD-001-1998</metstdv><mettc Sync="TRUE">local time</mettc><metc><cntinfo><cntorgp><cntper>REQUIRED: The person responsible for the metadata information.</cntper><cntorg>REQUIRED: The organization responsible for the metadata information.</cntorg></cntorgp><cntaddr><addrtype>REQUIRED: The mailing and/or physical address for the organization or individual.</addrtype><city>REQUIRED: The city of the address.</city><state>REQUIRED: The state or province of the address.</state><postal>REQUIRED: The ZIP or other postal code of the address.</postal></cntaddr><cntvoice>REQUIRED: The telephone number by which individuals can speak to the organization or individual.</cntvoice></cntinfo></metc><metd Sync="TRUE">20111005</metd></metainfo><mdLang><languageCode Sync="TRUE" value="ita"></languageCode><countryCode value="ITA" Sync="TRUE"></countryCode></mdLang><mdStanName Sync="TRUE">ISO 19115 Geographic Information - Metadata</mdStanName><mdStanVer Sync="TRUE">DIS_ESRI1.0</mdStanVer><mdChar><CharSetCd Sync="TRUE" value="004"></CharSetCd></mdChar><mdHrLv><ScopeCd Sync="TRUE" value="007"></ScopeCd></mdHrLv><mdHrLvName Sync="TRUE">dataset</mdHrLvName><distinfo><resdesc Sync="TRUE">Downloadable Data</resdesc></distinfo><distInfo><distributor><distorTran><onLineSrc><orDesc Sync="TRUE">002</orDesc><linkage Sync="TRUE">file://\\BRUNO-PC\E$\02_Protezione Civile\02_Articolo11\2011_04_05_SPECIFICHE GIS\NomeComune_S15\MS1_nome_del_comune\MS1_nome_del_comune.mdb</linkage><protocol Sync="TRUE">Local Area Network</protocol></onLineSrc></distorTran><distorFormat><formatName Sync="TRUE">Personal GeoDatabase Table</formatName></distorFormat></distributor><distFormat><formatName Sync="TRUE">dBASE Table</formatName></distFormat><distTranOps><transSize Sync="TRUE">0.000</transSize></distTranOps></distInfo><eainfo><detailed Name="L_tipo"><enttyp><enttypl Sync="TRUE">L_tipo</enttypl><enttypt Sync="TRUE">Table</enttypt><enttypc Sync="TRUE">0</enttypc></enttyp><attr><attrlabl Sync="TRUE">OID</attrlabl><attalias Sync="TRUE">OID</attalias><attrtype Sync="TRUE">OID</attrtype><attwidth Sync="TRUE">4</attwidth><atprecis Sync="TRUE">0</atprecis><attscale Sync="TRUE">0</attscale><attrdef Sync="TRUE">Internal feature number.</attrdef><attrdefs Sync="TRUE">Esri</attrdefs><attrdomv><udom Sync="TRUE">Sequential unique whole numbers that are automatically generated.</udom></attrdomv></attr><attr><attrlabl Sync="TRUE">Descrizion</attrlabl><attalias Sync="TRUE">Descrizion</attalias><attrtype Sync="TRUE">String</attrtype><attwidth Sync="TRUE">254</attwidth><atprecis Sync="TRUE">0</atprecis><attscale Sync="TRUE">0</attscale></attr><attr><attrlabl Sync="TRUE">File</attrlabl><attalias Sync="TRUE">File</attalias><attrtype Sync="TRUE">String</attrtype><attwidth Sync="TRUE">254</attwidth><atprecis Sync="TRUE">0</atprecis><attscale Sync="TRUE">0</attscale></attr><attr><attrlabl Sync="TRUE">Campo</attrlabl><attalias Sync="TRUE">Campo</attalias><attrtype Sync="TRUE">String</attrtype><attwidth Sync="TRUE">254</attwidth><atprecis Sync="TRUE">0</atprecis><attscale Sync="TRUE">0</attscale></attr><attr><attrlabl Sync="TRUE">Codice_t</attrlabl><attalias Sync="TRUE">Codice_t</attalias><attrtype Sync="TRUE">String</attrtype><attwidth Sync="TRUE">254</attwidth><atprecis Sync="TRUE">0</atprecis><attscale Sync="TRUE">0</attscale></attr><attr><attrlabl Sync="TRUE">Codice_n</attrlabl><attalias Sync="TRUE">Codice_n</attalias><attrtype Sync="TRUE">Integer</attrtype><attwidth Sync="TRUE">9</attwidth><atprecis Sync="TRUE">9</atprecis><attscale Sync="TRUE">0</attscale></attr></detailed></eainfo><mdDateSt Sync="TRUE">20151028</mdDateSt></metadata>
